{"id": "12996748", "warehouse_id": "40168", "projection": [[961.3220121092811, 12117.45779180058, -1170.2696230399324, -37757611878.86767], [11573.077849121728, -601.2119697841546, -2943.3702046926473, -5787892067.360326], [-0.05037760633099531, 0.18279300147074737, -0.9818630317132526, -525326.4014506151]], "bounds": [3301, 1806, 3584, 2058], "camera_center": [659660.9265396697, 3063780.2755943704, 1506.3735523452167], "geo_bounds": [-97.38212838747855, 27.691376799647337, -97.38182591949929, 27.69168784043293], "elevation": 7.021}