{"id": "12996748", "warehouse_id": "40168", "projection": [[980.2131756927312, 12114.956213569538, -1180.4783732845797, -37762571997.51017], [11563.821241129275, -624.1776689277848, -2974.807331237095, -5713582155.038403], [-0.0527452912440014, 0.18227617845513522, -0.9818347880782512, -522169.57243178657]], "bounds": [3169, 394, 3451, 637], "camera_center": [659851.9800324627, 3063779.648677684, 1507.7777962550713], "geo_bounds": [-97.38212838747855, 27.691376799647337, -97.38182591949929, 27.69168784043293], "elevation": 7.038}