{"id": "12996748", "warehouse_id": "40168", "projection": [[497.0549445004819, 12176.45832551622, -783.1491952681025, -37632576706.10946], [11586.766727998775, -64.44210867194236, -2950.192661966421, -7439245494.976015], [-0.05760625520322866, 0.2119059688691343, -0.975595035360298, -609772.7747278779]], "bounds": [3072, 3381, 3348, 3633], "camera_center": [659470.2890023295, 3063777.9164841673, 1507.2230218954999], "geo_bounds": [-97.38212838747855, 27.691376799647337, -97.38182591949929, 27.69168784043293], "elevation": 7.024}