{"id": "12996748", "shot_id": "12996748_E_TXZNUE066458NeighObliq0791E_171025.jpg", "warehouse_id": 33875, "projection": [[3330.1803164429607, -15079.754169797296, -3272.444690390705, 44015932359.88453], [-8233.073159412479, 565.1034581215628, -13230.738698071122, 3699158484.009752], [0.7637752604154757, 0.08789727170206726, -0.639548118752235, -771761.0491685597]], "bounds": [4913, 188, 5440, 462], "camera_center": [658442.1583372734, 3064125.7661863267, 733.450337902537], "geo_bounds": [-97.38216858608591, 27.691341331504148, -97.3817857209897, 27.69172330855479], "elevation": 7.020262241363525, "orientation": "E"}