{"id": "12996748", "shot_id": "12996748_W_TXZNUE066458NeighObliq0088W_171016.jpg", "warehouse_id": 33875, "projection": [[-5268.083420674276, 14788.00559715163, -1324.9432182565095, -41835425869.24446], [8431.482051384059, 2339.3860885571266, -12870.51756831346, -12725318362.279837], [-0.7351186368794548, -0.09975588669716792, -0.670630241288858, 791523.3130201999]], "bounds": [1214, 3353, 1988, 3824], "camera_center": [660212.8978605791, 3064273.153459161, 759.318559914884], "geo_bounds": [-97.38216858608591, 27.691341331504148, -97.3817857209897, 27.69172330855479], "elevation": 7.020262241363525, "orientation": "W"}