{"id": "12996748", "shot_id": "12996748_W_TXZNUE066459NeighObliq2907W_171016.jpg", "warehouse_id": 33875, "projection": [[-1433.859047238785, 15372.022262764445, -2951.0445468124, -46147949997.5109], [7909.3896205400415, -1351.2891339381345, -13299.044191425051, -1073903463.9285553], [-0.777268010409886, 0.01850867848668579, -0.628981083075978, 457178.44650384353]], "bounds": [5689, 1555, 6318, 1938], "camera_center": [660518.8144823132, 3063833.7240686733, 772.384228084784], "geo_bounds": [-97.38216858608591, 27.691341331504148, -97.3817857209897, 27.69172330855479], "elevation": 7.020262241363525, "orientation": "W"}