{"id": "12996748", "shot_id": "12996748_N_TXZNUE066458NeighObliq2290N_171025.jpg", "warehouse_id": 33875, "projection": [[15197.50953865589, 3626.6878617228012, -1948.4212355828358, -21127468702.708714], [446.2697965547726, -7288.052217029058, -13734.32541017647, 22039075834.17542], [-0.05298029557788775, 0.8069204510800649, -0.5883746177748044, -2436225.187018062]], "bounds": [6319, 1460, 6826, 1803], "camera_center": [659344.196906641, 3062990.379961173, 734.46675191895], "geo_bounds": [-97.38216858608591, 27.691341331504148, -97.3817857209897, 27.69172330855479], "elevation": 7.020262241363525, "orientation": "N"}