{"id": "12996748", "shot_id": "12996748_S_TXZNUE066458NeighObliq1490S_171025.jpg", "warehouse_id": 33875, "projection": [[-15255.319341709352, -3117.239110494417, -2341.590312370709, 19614211737.559696], [-404.5861224337405, 9138.202028526888, -12584.400858421044, -27732105481.046196], [0.039266507689349237, -0.7170219194080183, -0.6960074124668247, 2172251.8026652453]], "bounds": [631, 819, 1234, 1145], "camera_center": [659332.9365617776, 3064943.850325686, 732.150320724645], "geo_bounds": [-97.38216858608591, 27.691341331504148, -97.3817857209897, 27.69172330855479], "elevation": 7.020262241363525, "orientation": "S"}