{"id": "12996748", "shot_id": "12996748_S_TXZNUE066458NeighObliq3290S_171025.jpg", "warehouse_id": 33875, "projection": [[-15288.615752094995, -3044.218133735495, -2217.215917032672, 19411403082.966553], [-470.27333574247376, 9162.785859962525, -12564.22913454072, -27761467893.127537], [0.030104637802864376, -0.7159255287949111, -0.6975905394478251, 2174723.3445642195]], "bounds": [285, 3822, 415, 4343], "camera_center": [659334.6938986424, 3064650.4982635677, 732.303758551948], "geo_bounds": [-97.38216858608591, 27.691341331504148, -97.3817857209897, 27.69172330855479], "elevation": 7.020262241363525, "orientation": "S"}