{"id": "12996748", "shot_id": "12996748_W_TXZNUE066459NeighObliq10070W_171016.jpg", "warehouse_id": 33875, "projection": [[-3753.1040438181158, 15257.644293199613, -1145.4349580223068, -44271171388.38942], [8154.191153557265, 1490.8036045139745, -13171.871208121594, -9943739513.265478], [-0.7654238400707796, -0.021200734053648893, -0.6432566051132662, 571034.5169884557]], "bounds": [3038, 1625, 3601, 1918], "camera_center": [660515.7169113765, 3064106.2795703104, 775.333162218293], "geo_bounds": [-97.38216858608591, 27.691341331504148, -97.3817857209897, 27.69172330855479], "elevation": 7.020262241363525, "orientation": "W"}