{"id": "12996748", "shot_id": "12996748_E_TXZNUE066458NeighObliq2691E_171025.jpg", "warehouse_id": 33875, "projection": [[3159.0122484450094, -15147.131267791445, -3127.808153839277, 44330538960.931786], [-8303.535940679309, 505.96006602286803, -13189.039444822884, 3926864651.449743], [0.7609011985736845, 0.0732519970131666, -0.6447966468018685, -724966.9913301731]], "bounds": [1244, 193, 1789, 465], "camera_center": [658439.7509878578, 3063832.0704325484, 732.668290938811], "geo_bounds": [-97.38216858608591, 27.691341331504148, -97.3817857209897, 27.69172330855479], "elevation": 7.020262241363525, "orientation": "E"}