{"id": "12996748", "shot_id": "12996748_S_TXZNUE066459NeighObliq3208S_171025.jpg", "warehouse_id": 33875, "projection": [[-15257.294330350223, -2733.2258421708957, -2769.335082144085, 18442820910.26489], [164.15982242047298, 9186.895596486647, -12554.352063497654, -28253824670.555958], [0.04072712900047511, -0.7154691063050935, -0.6975197731700378, 2166306.236642262]], "bounds": [5173, 3834, 5889, 4352], "camera_center": [659646.350704286, 3064653.8558375267, 726.263700384456], "geo_bounds": [-97.38216858608591, 27.691341331504148, -97.3817857209897, 27.69172330855479], "elevation": 7.020262241363525, "orientation": "S"}