{"id": "12996748", "shot_id": "12996748_E_TXZNUE066459NeighObliq1809E_171025.jpg", "warehouse_id": 33875, "projection": [[3781.676454198087, -14998.430613116097, -3153.452096628212, 43465737049.3047], [-8692.325321768436, 39.66800304950354, -12945.98398831125, 5613838285.808216], [0.7378106825601003, 0.10547229739834306, -0.6667875699879589, -808702.7249591489]], "bounds": [2911, 1843, 3553, 2251], "camera_center": [658738.7181702589, 3063959.372558536, 726.726927076085], "geo_bounds": [-97.38216858608591, 27.691341331504148, -97.3817857209897, 27.69172330855479], "elevation": 7.020262241363525, "orientation": "E"}