{"id": "12996748", "shot_id": "12996748_S_TXZNUE066459NeighObliq1408S_171025.jpg", "warehouse_id": 33875, "projection": [[-15214.597250267323, -3075.8928601005114, -2641.933354082429, 19465604663.6758], [-145.6831098601312, 9181.700230891774, -12558.37958438587, -28036189158.79166], [0.050979010130996885, -0.7147414914621828, -0.6975917984162233, 2157523.6690885676]], "bounds": [5097, 797, 5663, 1120], "camera_center": [659645.2198289838, 3064946.5424980707, 727.167947377482], "geo_bounds": [-97.38216858608591, 27.691341331504148, -97.3817857209897, 27.69172330855479], "elevation": 7.020262241363525, "orientation": "S"}