{"id": "12996748", "shot_id": "12996748_W_TXZNUE066459NeighObliq0025W_171016.jpg", "warehouse_id": 33875, "projection": [[-2174.797161421573, 15302.976743835172, -2855.3649555333795, -45453556288.113686], [7776.272144037167, -931.4645659504432, -13413.071254600867, -2273950275.298641], [-0.7860131769659771, -0.014326144771764006, -0.6181311948627033, 563788.8320603502]], "bounds": [832, 327, 1295, 610], "camera_center": [660813.9572848708, 3064300.1117460155, 777.742800232306], "geo_bounds": [-97.38216858608591, 27.691341331504148, -97.3817857209897, 27.69172330855479], "elevation": 7.020262241363525, "orientation": "W"}