{"id": "12996748", "shot_id": "12996748_W_TXZNUE066459NeighObliq1825W_171016.jpg", "warehouse_id": 33875, "projection": [[-2056.882414516712, 15304.08628026633, -2935.6497335326835, -45530318915.71114], [7823.420204028112, -1048.4272688255896, -13376.979455538676, -1947088771.03274], [-0.7836046955230624, -0.011783983404170738, -0.6212344622131192, 554410.8915246173]], "bounds": [3827, 39, 4301, 321], "camera_center": [660820.2378192768, 3064007.171125626, 777.227677036247], "geo_bounds": [-97.38216858608591, 27.691341331504148, -97.3817857209897, 27.69172330855479], "elevation": 7.020262241363525, "orientation": "W"}