{"id": "12996748", "shot_id": "12996748_N_TXZNUE066459NeighObliq0408N_171025.jpg", "warehouse_id": 33875, "projection": [[15210.826242112773, 3342.4533469407043, -2317.7919760934433, -20270552880.48563], [-37.142686376608786, -7247.544522472467, -13762.927497898792, 22235831689.476604], [-0.05218468529237662, 0.8098224647144318, -0.5844465395898238, -2445869.1854434134]], "bounds": [2788, 3657, 3355, 4124], "camera_center": [659619.2802080453, 3063285.3893547943, 729.090016432146], "geo_bounds": [-97.38216858608591, 27.691341331504148, -97.3817857209897, 27.69172330855479], "elevation": 7.020262241363525, "orientation": "N"}