{"id": "12996748", "shot_id": "12996748_W_TXZNUE066459NeighObliq1007W_171016.jpg", "warehouse_id": 33875, "projection": [[-2160.9754405125473, 15252.777843829468, -3121.933045635448, -45306719562.04562], [7836.677769279208, -1156.6689589278494, -13360.288893104758, -1621776504.3887653], [-0.7832156908744308, -0.02472729805481781, -0.6213443208419293, 593576.2184956353]], "bounds": [2740, 1966, 3273, 2348], "camera_center": [660519.0421616255, 3064130.0639109826, 772.008640226693], "geo_bounds": [-97.38216858608591, 27.691341331504148, -97.3817857209897, 27.69172330855479], "elevation": 7.020262241363525, "orientation": "W"}