{"id": "12996748", "shot_id": "12996748_N_TXZNUE066459NeighObliq2208N_171025.jpg", "warehouse_id": 33875, "projection": [[15210.732014590645, 3487.598956877844, -2093.7613002977046, -20714297100.243153], [236.1580229925139, -7251.284823855772, -13758.981404062213, 22064882794.29179], [-0.05128703711116516, 0.8091266377929138, -0.585488612799959, -2444091.991220192]], "bounds": [2996, 1366, 3462, 1697], "camera_center": [659622.026991443, 3062992.410300226, 728.792882153937], "geo_bounds": [-97.38216858608591, 27.691341331504148, -97.3817857209897, 27.69172330855479], "elevation": 7.020262241363525, "orientation": "N"}